{"stat.chestOpened":5,"stat.dropperInspected":2,"stat.walkOneCm":409840,"stat.trappedChestTriggered":2,"achievement.openInventory":2,"stat.leaveGame":4,"stat.damageTaken":44000,"stat.flyOneCm":193251,"stat.deaths":30,"stat.jump":631,"stat.swimOneCm":1365,"stat.playOneMinute":40150,"stat.fallOneCm":601682,"stat.climbOneCm":3631,"stat.damageDealt":105,"stat.crouchOneCm":2948,"stat.timeSinceDeath":1380,"stat.useItem.minecraft.written_book":8,"stat.sprintOneCm":265195,"achievement.exploreAllBiomes":{"value":0,"progress":["Forest","Desert","Ice Plains Spikes"]},"stat.diveOneCm":576}