{"stat.chestOpened":11,"stat.dropperInspected":2,"stat.walkOneCm":862749,"stat.trappedChestTriggered":2,"achievement.openInventory":11,"stat.leaveGame":4,"stat.damageTaken":46370,"stat.flyOneCm":351610,"stat.deaths":39,"stat.drop":2,"stat.jump":1033,"stat.swimOneCm":1365,"stat.useItem.minecraft.writable_book":8,"stat.playOneMinute":77689,"stat.fallOneCm":613990,"stat.climbOneCm":3631,"stat.damageDealt":135,"stat.crouchOneCm":2948,"stat.timeSinceDeath":23854,"stat.useItem.minecraft.written_book":8,"stat.sprintOneCm":533554,"achievement.exploreAllBiomes":{"value":0,"progress":["Forest","Desert","Ice Plains Spikes"]},"stat.diveOneCm":924}