{"stat.chestOpened":12,"stat.dropperInspected":2,"stat.walkOneCm":909719,"stat.trappedChestTriggered":2,"achievement.openInventory":16,"stat.leaveGame":4,"stat.damageTaken":46380,"stat.flyOneCm":352360,"stat.deaths":39,"stat.drop":2,"stat.jump":1066,"stat.swimOneCm":1365,"stat.useItem.minecraft.writable_book":10,"stat.playOneMinute":90251,"stat.fallOneCm":614623,"stat.climbOneCm":3631,"stat.damageDealt":185,"stat.crouchOneCm":3132,"stat.timeSinceDeath":36416,"stat.useItem.minecraft.written_book":10,"stat.sprintOneCm":537362,"achievement.exploreAllBiomes":{"value":0,"progress":["Forest","Desert","Ice Plains Spikes"]},"stat.diveOneCm":924}