{"stat.chestOpened":5,"stat.dropperInspected":2,"stat.walkOneCm":167233,"stat.trappedChestTriggered":2,"achievement.openInventory":2,"stat.leaveGame":4,"stat.damageTaken":41410,"stat.flyOneCm":72710,"stat.deaths":24,"stat.jump":309,"stat.swimOneCm":1363,"stat.playOneMinute":27701,"stat.fallOneCm":502109,"stat.climbOneCm":834,"stat.damageDealt":90,"stat.crouchOneCm":2463,"stat.timeSinceDeath":6726,"stat.useItem.minecraft.written_book":8,"stat.sprintOneCm":76383,"achievement.exploreAllBiomes":{"value":0,"progress":["Forest","Desert","Ice Plains Spikes"]},"stat.diveOneCm":476}