{"stat.chestOpened":6,"stat.dropperInspected":2,"stat.walkOneCm":787574,"stat.trappedChestTriggered":2,"achievement.openInventory":3,"stat.leaveGame":4,"stat.damageTaken":46370,"stat.flyOneCm":337401,"stat.deaths":39,"stat.drop":1,"stat.jump":949,"stat.swimOneCm":1365,"stat.useItem.minecraft.writable_book":5,"stat.playOneMinute":65103,"stat.fallOneCm":613357,"stat.climbOneCm":3631,"stat.damageDealt":125,"stat.crouchOneCm":2948,"stat.timeSinceDeath":11268,"stat.useItem.minecraft.written_book":8,"stat.sprintOneCm":505291,"achievement.exploreAllBiomes":{"value":0,"progress":["Forest","Desert","Ice Plains Spikes"]},"stat.diveOneCm":924}