{"stat.chestOpened":100,"stat.craftItem.minecraft.diamond_chestplate":1,"stat.useItem.minecraft.bow":176,"stat.useItem.minecraft.quartz_block":6,"stat.useItem.minecraft.record_wait":5,"stat.recordPlayed":61,"stat.useItem.minecraft.record_ward":1,"stat.craftItem.minecraft.diamond_leggings":1,"stat.leaveGame":7,"stat.killEntity.Ghast":5,"stat.useItem.minecraft.lead":1,"stat.entityKilledBy.Guardian":1,"stat.useItem.minecraft.heavy_weighted_pressure_plate":5,"stat.useItem.minecraft.diamond_sword":355,"stat.useItem.minecraft.potion":5,"stat.craftItem.minecraft.diamond_helmet":1,"stat.mineBlock.minecraft.stained_glass":5,"stat.craftItem.minecraft.diamond_sword":1,"stat.killEntity.PigZombie":9,"stat.jump":2362,"stat.swimOneCm":3453,"stat.fallOneCm":721563,"stat.climbOneCm":15001,"stat.useItem.minecraft.planks":1,"stat.crouchOneCm":26079,"stat.craftItem.minecraft.arrow":70,"achievement.exploreAllBiomes":{"value":0,"progress":["Forest","Plains","Desert","Ice Plains Spikes"]},"stat.craftingTableInteraction":12,"stat.dropperInspected":3,"stat.useItem.minecraft.glass":5,"stat.brewingstandInteraction":10,"stat.damageTaken":59931,"stat.mineBlock.minecraft.torch":1,"stat.useItem.minecraft.gold_block":1,"stat.tradedWithVillager":30,"stat.noteblockTuned":7,"stat.craftItem.minecraft.bow":1,"stat.useItem.minecraft.anvil":1,"stat.killEntity.CaveSpider":27,"stat.flyOneCm":646760,"stat.cauldronUsed":1,"stat.useItem.minecraft.record_strad":12,"stat.killEntity.Witch":11,"stat.entityKilledBy.Zombie":2,"stat.damageDealt":55205,"stat.timeSinceDeath":17757,"stat.useItem.minecraft.record_13":16,"stat.hopperInspected":11,"stat.killEntity.Silverfish":9,"stat.mineBlock.minecraft.dirt":2,"stat.useItem.minecraft.spawn_egg":2,"stat.walkOneCm":2097076,"stat.useItem.minecraft.torch":1,"stat.trappedChestTriggered":8,"stat.playerKills":7,"stat.furnaceInteraction":46,"stat.useItem.minecraft.record_far":7,"stat.killEntity.LavaSlime":21,"stat.killEntity.Creeper":18,"stat.talkedToVillager":17,"stat.craftItem.minecraft.diamond_boots":1,"stat.entityKilledBy.Skeleton":1,"stat.useItem.minecraft.written_book":53,"stat.sprintOneCm":951207,"stat.useItem.minecraft.stained_glass":45,"stat.useItem.minecraft.diamond_shovel":2,"stat.useItem.minecraft.glass_pane":12,"stat.craftItem.minecraft.stick":6,"stat.useItem.minecraft.record_mellohi":10,"achievement.openInventory":116,"stat.itemEnchanted":7,"stat.killEntity.Spider":40,"stat.useItem.minecraft.stone_pressure_plate":1,"stat.mobKills":240,"stat.deaths":83,"stat.drop":23,"stat.useItem.minecraft.writable_book":12,"stat.playOneMinute":254549,"stat.craftItem.minecraft.diamond_block":6,"stat.craftItem.minecraft.diamond_pickaxe":1,"stat.killEntity.Zombie":52,"stat.craftItem.minecraft.dye":21,"stat.killEntity.Guardian":5,"stat.useItem.minecraft.record_blocks":10,"stat.diveOneCm":37732}