{"stat.chestOpened":6,"stat.dropperInspected":2,"stat.walkOneCm":656453,"stat.trappedChestTriggered":2,"achievement.openInventory":2,"stat.leaveGame":4,"stat.damageTaken":46290,"stat.flyOneCm":323520,"stat.deaths":38,"stat.drop":1,"stat.jump":909,"stat.swimOneCm":1365,"stat.useItem.minecraft.writable_book":1,"stat.playOneMinute":52525,"stat.fallOneCm":612877,"stat.climbOneCm":3631,"stat.damageDealt":125,"stat.crouchOneCm":2948,"stat.timeSinceDeath":1934,"stat.useItem.minecraft.written_book":8,"stat.sprintOneCm":455711,"achievement.exploreAllBiomes":{"value":0,"progress":["Forest","Desert","Ice Plains Spikes"]},"stat.diveOneCm":924}