{"stat.chestOpened":4,"stat.dropperInspected":2,"stat.walkOneCm":68630,"stat.trappedChestTriggered":1,"achievement.openInventory":1,"stat.leaveGame":4,"stat.damageTaken":19520,"stat.flyOneCm":17782,"stat.deaths":14,"stat.jump":66,"stat.swimOneCm":857,"stat.playOneMinute":15386,"stat.fallOneCm":232625,"stat.damageDealt":50,"stat.crouchOneCm":16,"stat.timeSinceDeath":654,"stat.useItem.minecraft.written_book":5,"stat.sprintOneCm":24415,"achievement.exploreAllBiomes":{"value":0,"progress":["Desert"]},"stat.diveOneCm":476}