{"stat.chestOpened":184,"stat.craftItem.minecraft.diamond_chestplate":1,"stat.useItem.minecraft.bow":214,"stat.useItem.minecraft.quartz_block":6,"stat.useItem.minecraft.record_wait":5,"stat.recordPlayed":61,"stat.useItem.minecraft.record_ward":1,"stat.useItem.minecraft.fish":2,"stat.craftItem.minecraft.diamond_leggings":1,"stat.leaveGame":7,"stat.killEntity.Ghast":5,"stat.useItem.minecraft.skull":3,"stat.useItem.minecraft.lead":1,"stat.entityKilledBy.Guardian":1,"stat.useItem.minecraft.heavy_weighted_pressure_plate":5,"stat.useItem.minecraft.diamond_sword":359,"stat.useItem.minecraft.potion":10,"stat.craftItem.minecraft.diamond_helmet":1,"stat.mineBlock.minecraft.stained_glass":9,"stat.craftItem.minecraft.diamond_sword":1,"stat.killEntity.PigZombie":9,"stat.jump":2783,"stat.swimOneCm":6217,"stat.useItem.minecraft.experience_bottle":118,"stat.fallOneCm":806416,"stat.climbOneCm":24993,"stat.useItem.minecraft.planks":1,"achievement.buildWorkBench":2,"stat.entityKilledBy.CaveSpider":1,"stat.crouchOneCm":27690,"stat.craftItem.minecraft.arrow":70,"achievement.exploreAllBiomes":{"value":0,"progress":["Beach","Forest","River","Ocean","Plains","Desert","Ice Plains Spikes","MushroomIsland","Hell"]},"stat.craftingTableInteraction":15,"stat.dropperInspected":4,"stat.useItem.minecraft.glass":5,"stat.useItem.minecraft.golden_sword":3,"stat.brewingstandInteraction":12,"stat.damageTaken":70605,"stat.mineBlock.minecraft.torch":4,"stat.mineBlock.minecraft.red_flower":1,"stat.craftItem.minecraft.stone_pickaxe":1,"stat.useItem.minecraft.gold_block":1,"stat.dispenserInspected":1,"stat.useItem.minecraft.wooden_pickaxe":6,"stat.tradedWithVillager":30,"stat.noteblockTuned":7,"stat.craftItem.minecraft.bow":1,"stat.mineBlock.minecraft.clay":1,"stat.useItem.minecraft.anvil":1,"stat.killEntity.CaveSpider":27,"stat.flyOneCm":814438,"stat.cauldronUsed":1,"stat.useItem.minecraft.record_strad":12,"achievement.buildPickaxe":4,"stat.killEntity.Witch":11,"stat.entityKilledBy.Zombie":2,"stat.damageDealt":60437,"achievement.buildBetterPickaxe":2,"stat.timeSinceDeath":101,"stat.useItem.minecraft.record_13":16,"stat.hopperInspected":12,"stat.killEntity.Silverfish":9,"stat.mineBlock.minecraft.dirt":9,"stat.useItem.minecraft.crafting_table":1,"stat.useItem.minecraft.spawn_egg":10,"stat.craftItem.minecraft.wooden_pickaxe":1,"stat.walkOneCm":2825773,"stat.useItem.minecraft.torch":146,"stat.useItem.minecraft.bread":3,"stat.trappedChestTriggered":19,"stat.playerKills":17,"stat.useItem.minecraft.lever":1,"stat.furnaceInteraction":46,"stat.craftItem.minecraft.crafting_table":1,"stat.useItem.minecraft.record_far":7,"stat.killEntity.LavaSlime":21,"stat.killEntity.Creeper":18,"stat.talkedToVillager":17,"stat.craftItem.minecraft.diamond_boots":1,"stat.entityKilledBy.Skeleton":3,"stat.useItem.minecraft.written_book":55,"achievement.mineWood":6,"stat.sprintOneCm":1488256,"stat.useItem.minecraft.stained_glass":45,"stat.useItem.minecraft.diamond_shovel":2,"stat.useItem.minecraft.glass_pane":12,"stat.craftItem.minecraft.stick":14,"stat.craftItem.minecraft.wooden_axe":1,"stat.killEntity.Skeleton":11,"stat.useItem.minecraft.record_mellohi":10,"achievement.openInventory":181,"stat.useItem.minecraft.iron_sword":13,"stat.craftItem.minecraft.planks":24,"stat.itemEnchanted":9,"stat.killEntity.Spider":41,"stat.mineBlock.minecraft.crafting_table":1,"stat.useItem.minecraft.stone_pressure_plate":1,"stat.useItem.minecraft.pumpkin_pie":1,"stat.useItem.minecraft.diamond_pickaxe":3,"stat.mobKills":255,"stat.mineBlock.minecraft.log":6,"stat.entityKilledBy.Creeper":3,"stat.mineBlock.minecraft.waterlily":1,"stat.deaths":107,"stat.drop":44,"stat.useItem.minecraft.writable_book":12,"stat.playOneMinute":304639,"stat.useItem.minecraft.wooden_sword":42,"stat.killEntity.Sheep":1,"stat.craftItem.minecraft.diamond_block":6,"stat.craftItem.minecraft.diamond_pickaxe":1,"stat.killEntity.Zombie":52,"stat.useItem.minecraft.baked_potato":3,"stat.craftItem.minecraft.dye":21,"stat.killEntity.Guardian":5,"stat.useItem.minecraft.wooden_axe":1,"stat.mineBlock.minecraft.stone":3,"stat.useItem.minecraft.record_blocks":10,"stat.mineBlock.minecraft.tallgrass":1,"stat.diveOneCm":40409}