{"stat.chestOpened":42,"stat.useItem.minecraft.bow":125,"stat.useItem.minecraft.quartz_block":6,"stat.useItem.minecraft.record_wait":5,"stat.recordPlayed":61,"stat.useItem.minecraft.record_ward":1,"stat.leaveGame":7,"stat.useItem.minecraft.lead":1,"stat.useItem.minecraft.heavy_weighted_pressure_plate":1,"stat.useItem.minecraft.diamond_sword":109,"stat.useItem.minecraft.potion":4,"stat.mineBlock.minecraft.stained_glass":5,"stat.craftItem.minecraft.diamond_sword":1,"stat.jump":1488,"stat.swimOneCm":1432,"stat.fallOneCm":682744,"stat.climbOneCm":5259,"stat.useItem.minecraft.planks":1,"stat.crouchOneCm":16263,"stat.craftItem.minecraft.arrow":10,"achievement.exploreAllBiomes":{"value":0,"progress":["Forest","Plains","Desert","Ice Plains Spikes"]},"stat.craftingTableInteraction":5,"stat.dropperInspected":2,"stat.useItem.minecraft.glass":5,"stat.brewingstandInteraction":3,"stat.damageTaken":52631,"stat.mineBlock.minecraft.torch":1,"stat.tradedWithVillager":12,"stat.noteblockTuned":6,"stat.craftItem.minecraft.bow":1,"stat.useItem.minecraft.anvil":1,"stat.flyOneCm":446857,"stat.cauldronUsed":1,"stat.useItem.minecraft.record_strad":12,"stat.entityKilledBy.Zombie":2,"stat.damageDealt":11225,"stat.timeSinceDeath":6298,"stat.useItem.minecraft.record_13":16,"stat.hopperInspected":8,"stat.mineBlock.minecraft.dirt":2,"stat.useItem.minecraft.spawn_egg":2,"stat.walkOneCm":1653734,"stat.useItem.minecraft.torch":1,"stat.trappedChestTriggered":7,"stat.playerKills":5,"stat.furnaceInteraction":45,"stat.useItem.minecraft.record_far":7,"stat.talkedToVillager":10,"stat.useItem.minecraft.written_book":36,"stat.sprintOneCm":718994,"stat.useItem.minecraft.stained_glass":45,"stat.useItem.minecraft.diamond_shovel":2,"stat.useItem.minecraft.glass_pane":12,"stat.craftItem.minecraft.stick":6,"stat.useItem.minecraft.record_mellohi":10,"achievement.openInventory":74,"stat.useItem.minecraft.stone_pressure_plate":1,"stat.mobKills":53,"stat.deaths":72,"stat.drop":17,"stat.useItem.minecraft.writable_book":12,"stat.playOneMinute":204414,"stat.craftItem.minecraft.diamond_pickaxe":1,"stat.killEntity.Zombie":26,"stat.craftItem.minecraft.dye":3,"stat.useItem.minecraft.record_blocks":10,"stat.diveOneCm":2386}