{"stat.chestOpened":3,"stat.dropperInspected":1,"stat.walkOneCm":63529,"stat.trappedChestTriggered":1,"achievement.openInventory":7,"stat.leaveGame":1,"stat.damageTaken":17750,"stat.flyOneCm":20924,"stat.deaths":14,"stat.jump":73,"stat.swimOneCm":1185,"stat.playOneMinute":10069,"stat.fallOneCm":214280,"stat.damageDealt":20,"stat.mineBlock.minecraft.wool":2,"stat.crouchOneCm":244,"stat.timeSinceDeath":117,"stat.useItem.minecraft.written_book":1,"stat.sprintOneCm":23270,"achievement.exploreAllBiomes":{"value":0,"progress":["Desert"]},"stat.diveOneCm":602}