{"stat.chestOpened":9,"stat.walkOneCm":848127,"stat.trappedChestTriggered":1,"stat.leaveGame":2,"stat.jump":1016,"stat.swimOneCm":2189,"stat.fallOneCm":545207,"stat.climbOneCm":2521,"stat.useItem.minecraft.item_frame":1,"stat.mineBlock.minecraft.wool":2,"stat.crouchOneCm":6134,"stat.useItem.minecraft.written_book":1,"stat.sprintOneCm":534498,"achievement.exploreAllBiomes":{"value":0,"progress":["Forest","Desert","Ice Plains Spikes"]},"stat.dropperInspected":1,"achievement.openInventory":31,"stat.damageTaken":34905,"stat.flyOneCm":368207,"stat.deaths":25,"stat.drop":2,"stat.useItem.minecraft.writable_book":2,"stat.playOneMinute":72940,"stat.damageDealt":30,"stat.timeSinceDeath":23879,"stat.diveOneCm":941}