{"stat.chestOpened":53,"stat.useItem.minecraft.bow":71,"stat.useItem.minecraft.record_wait":6,"stat.recordPlayed":27,"stat.leaveGame":4,"stat.useItem.minecraft.lead":6,"stat.useItem.minecraft.diamond_sword":176,"stat.useItem.minecraft.potion":2,"stat.craftItem.minecraft.diamond_sword":1,"stat.jump":2235,"stat.swimOneCm":2313,"stat.fallOneCm":641030,"stat.climbOneCm":5217,"stat.crouchOneCm":24606,"stat.craftItem.minecraft.arrow":35,"stat.useItem.minecraft.stone_button":18,"achievement.exploreAllBiomes":{"value":0,"progress":["Forest","Plains","Desert","Ice Plains Spikes","The End"]},"stat.craftingTableInteraction":2,"stat.dropperInspected":1,"stat.useItem.minecraft.glass":3,"stat.brewingstandInteraction":1,"stat.damageTaken":42145,"stat.mineBlock.minecraft.torch":2,"stat.tradedWithVillager":16,"stat.craftItem.minecraft.bow":1,"stat.flyOneCm":579650,"stat.useItem.minecraft.record_strad":13,"stat.entityKilledBy.Zombie":5,"stat.damageDealt":17795,"stat.timeSinceDeath":2296,"stat.useItem.minecraft.record_13":1,"stat.hopperInspected":1,"stat.mineBlock.minecraft.dirt":1,"stat.flowerPotted":1,"stat.walkOneCm":1769146,"stat.useItem.minecraft.torch":10,"stat.trappedChestTriggered":8,"stat.playerKills":3,"stat.furnaceInteraction":27,"stat.talkedToVillager":3,"stat.useItem.minecraft.item_frame":1,"stat.mineBlock.minecraft.wool":2,"stat.useItem.minecraft.written_book":26,"stat.useItem.minecraft.stained_hardened_clay":2,"stat.sprintOneCm":802854,"stat.useItem.minecraft.stained_glass":18,"stat.useItem.minecraft.diamond_shovel":1,"stat.craftItem.minecraft.stick":6,"stat.useItem.minecraft.record_mellohi":2,"achievement.openInventory":101,"stat.mobKills":64,"stat.deaths":59,"stat.drop":9,"stat.useItem.minecraft.writable_book":5,"stat.playOneMinute":201329,"stat.killEntity.Zombie":47,"stat.useItem.minecraft.record_blocks":5,"stat.diveOneCm":2289,"stat.useItem.minecraft.fishing_rod":6}