{"stat.chestOpened":69,"stat.beaconInteraction":1,"stat.craftItem.minecraft.diamond_chestplate":1,"stat.useItem.minecraft.bow":91,"stat.useItem.minecraft.lapis_block":1,"stat.useItem.minecraft.record_wait":6,"stat.recordPlayed":27,"stat.craftItem.minecraft.diamond_leggings":1,"stat.leaveGame":4,"stat.killEntity.Ghast":4,"stat.useItem.minecraft.lead":6,"stat.killEntity.Blaze":17,"stat.useItem.minecraft.diamond_sword":362,"stat.useItem.minecraft.potion":2,"stat.craftItem.minecraft.diamond_helmet":1,"stat.craftItem.minecraft.diamond_sword":3,"stat.killEntity.PigZombie":13,"stat.jump":3128,"stat.swimOneCm":4419,"stat.fallOneCm":680410,"stat.climbOneCm":11869,"stat.crouchOneCm":26806,"stat.craftItem.minecraft.arrow":35,"stat.useItem.minecraft.stone_button":18,"achievement.exploreAllBiomes":{"value":0,"progress":["Forest","Plains","Desert","Ice Plains Spikes","The End"]},"stat.craftingTableInteraction":15,"stat.dropperInspected":2,"stat.useItem.minecraft.glass":3,"stat.brewingstandInteraction":1,"stat.damageTaken":48489,"stat.mineBlock.minecraft.torch":2,"stat.tradedWithVillager":21,"stat.craftItem.minecraft.bow":1,"stat.killEntity.CaveSpider":3,"stat.flyOneCm":809295,"stat.useItem.minecraft.record_strad":13,"stat.killEntity.Witch":12,"stat.entityKilledBy.Zombie":6,"stat.damageDealt":60730,"stat.timeSinceDeath":3970,"stat.useItem.minecraft.record_13":1,"stat.hopperInspected":2,"stat.killEntity.Silverfish":14,"stat.mineBlock.minecraft.dirt":1,"stat.craftItem.minecraft.beacon":1,"stat.flowerPotted":1,"stat.walkOneCm":2086187,"stat.useItem.minecraft.torch":10,"stat.trappedChestTriggered":8,"stat.playerKills":6,"stat.furnaceInteraction":27,"stat.useItem.minecraft.emerald_block":1,"stat.killEntity.LavaSlime":22,"stat.killEntity.Creeper":10,"stat.talkedToVillager":11,"stat.craftItem.minecraft.diamond_boots":1,"stat.useItem.minecraft.redstone_block":1,"stat.useItem.minecraft.item_frame":1,"stat.mineBlock.minecraft.wool":2,"stat.useItem.minecraft.written_book":28,"stat.useItem.minecraft.stained_hardened_clay":2,"stat.sprintOneCm":985131,"stat.useItem.minecraft.stained_glass":18,"stat.useItem.minecraft.diamond_shovel":1,"stat.craftItem.minecraft.stick":8,"stat.killEntity.Skeleton":28,"stat.useItem.minecraft.record_mellohi":2,"achievement.openInventory":118,"stat.itemEnchanted":3,"stat.killEntity.Spider":20,"stat.mobKills":226,"stat.entityKilledBy.Creeper":1,"stat.deaths":70,"stat.drop":20,"stat.useItem.minecraft.writable_book":5,"stat.playOneMinute":238900,"stat.craftItem.minecraft.diamond_block":17,"stat.craftItem.minecraft.diamond_pickaxe":1,"stat.killEntity.Zombie":52,"stat.craftItem.minecraft.dye":6,"stat.killEntity.Guardian":12,"stat.useItem.minecraft.record_blocks":5,"stat.diveOneCm":35588,"stat.useItem.minecraft.fishing_rod":6}