{"stat.chestOpened":118,"stat.beaconInteraction":1,"stat.craftItem.minecraft.diamond_chestplate":1,"stat.useItem.minecraft.bow":92,"stat.useItem.minecraft.lapis_block":1,"stat.useItem.minecraft.record_wait":6,"stat.recordPlayed":27,"stat.craftItem.minecraft.diamond_leggings":1,"stat.leaveGame":4,"stat.killEntity.Ghast":4,"stat.useItem.minecraft.lead":6,"stat.killEntity.Blaze":17,"stat.useItem.minecraft.diamond_sword":362,"stat.useItem.minecraft.heavy_weighted_pressure_plate":4,"stat.useItem.minecraft.potion":2,"stat.craftItem.minecraft.diamond_helmet":1,"stat.craftItem.minecraft.diamond_sword":3,"stat.killEntity.PigZombie":13,"stat.jump":3453,"stat.swimOneCm":4962,"stat.useItem.minecraft.experience_bottle":4,"stat.fallOneCm":689468,"stat.climbOneCm":23283,"stat.crouchOneCm":26859,"stat.craftItem.minecraft.arrow":35,"stat.useItem.minecraft.stone_button":18,"stat.mineBlock.minecraft.lever":17,"achievement.exploreAllBiomes":{"value":0,"progress":["Forest","Plains","Desert","Ice Plains Spikes","The End"]},"stat.craftingTableInteraction":15,"stat.dropperInspected":2,"stat.useItem.minecraft.glass":3,"stat.brewingstandInteraction":2,"stat.damageTaken":49326,"stat.mineBlock.minecraft.torch":2,"stat.tradedWithVillager":21,"stat.craftItem.minecraft.bow":1,"stat.killEntity.CaveSpider":3,"stat.flyOneCm":858808,"stat.useItem.minecraft.record_strad":13,"stat.killEntity.Witch":12,"stat.entityKilledBy.Zombie":6,"stat.useItem.minecraft.stone_sword":35,"stat.damageDealt":63130,"stat.timeSinceDeath":2553,"stat.useItem.minecraft.record_13":1,"stat.hopperInspected":2,"stat.killEntity.Silverfish":14,"stat.mineBlock.minecraft.dirt":1,"stat.craftItem.minecraft.beacon":1,"stat.flowerPotted":1,"stat.walkOneCm":2315879,"stat.useItem.minecraft.torch":13,"stat.useItem.minecraft.bread":3,"stat.trappedChestTriggered":8,"stat.playerKills":6,"stat.useItem.minecraft.lever":17,"stat.furnaceInteraction":28,"stat.useItem.minecraft.emerald_block":1,"stat.killEntity.LavaSlime":22,"stat.killEntity.Creeper":10,"stat.talkedToVillager":11,"stat.craftItem.minecraft.diamond_boots":1,"stat.useItem.minecraft.redstone_block":1,"stat.useItem.minecraft.item_frame":1,"stat.useItem.minecraft.redstone":24,"stat.mineBlock.minecraft.wool":2,"stat.useItem.minecraft.written_book":28,"stat.useItem.minecraft.stained_hardened_clay":2,"stat.sprintOneCm":1078173,"stat.useItem.minecraft.stained_glass":18,"stat.useItem.minecraft.diamond_shovel":1,"stat.craftItem.minecraft.stick":8,"stat.killEntity.Skeleton":37,"stat.useItem.minecraft.record_mellohi":2,"achievement.openInventory":139,"stat.itemEnchanted":3,"stat.killEntity.Spider":20,"stat.useItem.minecraft.diamond_pickaxe":3,"stat.mobKills":235,"stat.entityKilledBy.Creeper":1,"stat.deaths":71,"stat.drop":22,"stat.useItem.minecraft.writable_book":5,"stat.playOneMinute":264048,"stat.craftItem.minecraft.diamond_block":17,"stat.craftItem.minecraft.diamond_pickaxe":1,"stat.killEntity.Zombie":52,"stat.craftItem.minecraft.dye":6,"stat.killEntity.Guardian":12,"stat.useItem.minecraft.record_blocks":5,"stat.diveOneCm":36423,"stat.useItem.minecraft.fishing_rod":6}