{"stat.chestOpened":5,"stat.walkOneCm":638693,"stat.trappedChestTriggered":1,"stat.leaveGame":2,"stat.jump":883,"stat.swimOneCm":2189,"stat.fallOneCm":543039,"stat.climbOneCm":2521,"stat.mineBlock.minecraft.wool":2,"stat.crouchOneCm":6134,"stat.useItem.minecraft.written_book":1,"stat.sprintOneCm":451437,"achievement.exploreAllBiomes":{"value":0,"progress":["Forest","Desert","Ice Plains Spikes"]},"stat.dropperInspected":1,"achievement.openInventory":10,"stat.damageTaken":34895,"stat.flyOneCm":337433,"stat.deaths":24,"stat.useItem.minecraft.writable_book":1,"stat.playOneMinute":47819,"stat.damageDealt":30,"stat.timeSinceDeath":11883,"stat.diveOneCm":941}