{"stat.chestOpened":5,"stat.walkOneCm":773463,"stat.trappedChestTriggered":1,"stat.leaveGame":2,"stat.jump":957,"stat.swimOneCm":2189,"stat.fallOneCm":543730,"stat.climbOneCm":2521,"stat.mineBlock.minecraft.wool":2,"stat.crouchOneCm":6134,"stat.useItem.minecraft.written_book":1,"stat.sprintOneCm":512312,"achievement.exploreAllBiomes":{"value":0,"progress":["Forest","Desert","Ice Plains Spikes"]},"stat.dropperInspected":1,"achievement.openInventory":19,"stat.damageTaken":34895,"stat.flyOneCm":363737,"stat.deaths":25,"stat.drop":1,"stat.useItem.minecraft.writable_book":2,"stat.playOneMinute":60351,"stat.damageDealt":30,"stat.timeSinceDeath":11290,"stat.diveOneCm":941}