{"stat.chestOpened":92,"stat.beaconInteraction":1,"stat.craftItem.minecraft.diamond_chestplate":1,"stat.useItem.minecraft.bow":91,"stat.useItem.minecraft.lapis_block":1,"stat.useItem.minecraft.record_wait":6,"stat.recordPlayed":27,"stat.craftItem.minecraft.diamond_leggings":1,"stat.leaveGame":4,"stat.killEntity.Ghast":4,"stat.useItem.minecraft.lead":6,"stat.killEntity.Blaze":17,"stat.useItem.minecraft.diamond_sword":362,"stat.useItem.minecraft.heavy_weighted_pressure_plate":2,"stat.useItem.minecraft.potion":2,"stat.craftItem.minecraft.diamond_helmet":1,"stat.craftItem.minecraft.diamond_sword":3,"stat.killEntity.PigZombie":13,"stat.jump":3261,"stat.swimOneCm":4962,"stat.fallOneCm":682371,"stat.climbOneCm":20616,"stat.crouchOneCm":26859,"stat.craftItem.minecraft.arrow":35,"stat.useItem.minecraft.stone_button":18,"stat.mineBlock.minecraft.lever":12,"achievement.exploreAllBiomes":{"value":0,"progress":["Forest","Plains","Desert","Ice Plains Spikes","The End"]},"stat.craftingTableInteraction":15,"stat.dropperInspected":2,"stat.useItem.minecraft.glass":3,"stat.brewingstandInteraction":1,"stat.damageTaken":48599,"stat.mineBlock.minecraft.torch":2,"stat.tradedWithVillager":21,"stat.craftItem.minecraft.bow":1,"stat.killEntity.CaveSpider":3,"stat.flyOneCm":820677,"stat.useItem.minecraft.record_strad":13,"stat.killEntity.Witch":12,"stat.entityKilledBy.Zombie":6,"stat.damageDealt":60740,"stat.timeSinceDeath":16558,"stat.useItem.minecraft.record_13":1,"stat.hopperInspected":2,"stat.killEntity.Silverfish":14,"stat.mineBlock.minecraft.dirt":1,"stat.craftItem.minecraft.beacon":1,"stat.flowerPotted":1,"stat.walkOneCm":2195724,"stat.useItem.minecraft.torch":10,"stat.trappedChestTriggered":8,"stat.playerKills":6,"stat.useItem.minecraft.lever":10,"stat.furnaceInteraction":28,"stat.useItem.minecraft.emerald_block":1,"stat.killEntity.LavaSlime":22,"stat.killEntity.Creeper":10,"stat.talkedToVillager":11,"stat.craftItem.minecraft.diamond_boots":1,"stat.useItem.minecraft.redstone_block":1,"stat.useItem.minecraft.item_frame":1,"stat.useItem.minecraft.redstone":23,"stat.mineBlock.minecraft.wool":2,"stat.useItem.minecraft.written_book":28,"stat.useItem.minecraft.stained_hardened_clay":2,"stat.sprintOneCm":1022051,"stat.useItem.minecraft.stained_glass":18,"stat.useItem.minecraft.diamond_shovel":1,"stat.craftItem.minecraft.stick":8,"stat.killEntity.Skeleton":28,"stat.useItem.minecraft.record_mellohi":2,"achievement.openInventory":132,"stat.itemEnchanted":3,"stat.killEntity.Spider":20,"stat.mobKills":226,"stat.entityKilledBy.Creeper":1,"stat.deaths":70,"stat.drop":21,"stat.useItem.minecraft.writable_book":5,"stat.playOneMinute":251488,"stat.craftItem.minecraft.diamond_block":17,"stat.craftItem.minecraft.diamond_pickaxe":1,"stat.killEntity.Zombie":52,"stat.craftItem.minecraft.dye":6,"stat.killEntity.Guardian":12,"stat.useItem.minecraft.record_blocks":5,"stat.diveOneCm":36423,"stat.useItem.minecraft.fishing_rod":6}