{"stat.chestOpened":142,"stat.beaconInteraction":1,"stat.craftItem.minecraft.diamond_chestplate":1,"stat.useItem.minecraft.bow":183,"stat.useItem.minecraft.lapis_block":1,"stat.useItem.minecraft.record_wait":6,"stat.recordPlayed":27,"stat.craftItem.minecraft.diamond_leggings":1,"stat.leaveGame":5,"stat.killEntity.Ghast":4,"stat.useItem.minecraft.skull":1,"stat.useItem.minecraft.apple":3,"stat.useItem.minecraft.lead":6,"stat.killEntity.Blaze":17,"stat.useItem.minecraft.diamond_sword":362,"stat.useItem.minecraft.heavy_weighted_pressure_plate":4,"stat.useItem.minecraft.potion":7,"stat.craftItem.minecraft.diamond_helmet":1,"stat.craftItem.minecraft.diamond_sword":3,"stat.killEntity.PigZombie":13,"stat.jump":3915,"stat.swimOneCm":7355,"stat.useItem.minecraft.experience_bottle":4,"stat.fallOneCm":827538,"stat.climbOneCm":43007,"achievement.buildWorkBench":2,"stat.crouchOneCm":29578,"stat.craftItem.minecraft.arrow":35,"stat.useItem.minecraft.stone_button":18,"stat.mineBlock.minecraft.lever":17,"stat.useItem.minecraft.dirt":2,"achievement.exploreAllBiomes":{"value":0,"progress":["Beach","Forest","River","Ocean","Plains","Desert","Ice Plains Spikes","MushroomIsland","The End","Hell"]},"stat.craftingTableInteraction":17,"stat.dropperInspected":3,"stat.useItem.minecraft.glass":3,"stat.brewingstandInteraction":2,"stat.damageTaken":63389,"stat.mineBlock.minecraft.torch":3,"stat.craftItem.minecraft.stone_pickaxe":1,"stat.useItem.minecraft.wooden_pickaxe":3,"stat.tradedWithVillager":21,"stat.craftItem.minecraft.bow":1,"stat.killEntity.CaveSpider":3,"stat.flyOneCm":976550,"stat.useItem.minecraft.record_strad":13,"achievement.buildPickaxe":2,"stat.killEntity.Witch":12,"stat.entityKilledBy.Zombie":6,"stat.useItem.minecraft.stone_pickaxe":5,"stat.useItem.minecraft.cooked_beef":3,"stat.useItem.minecraft.stone_sword":38,"stat.damageDealt":66059,"achievement.buildBetterPickaxe":2,"stat.timeSinceDeath":754,"stat.useItem.minecraft.record_13":1,"stat.hopperInspected":2,"stat.killEntity.Silverfish":14,"stat.mineBlock.minecraft.dirt":3,"stat.useItem.minecraft.crafting_table":1,"stat.craftItem.minecraft.wooden_pickaxe":1,"stat.craftItem.minecraft.beacon":1,"stat.flowerPotted":1,"stat.walkOneCm":3200402,"stat.useItem.minecraft.torch":393,"stat.useItem.minecraft.bread":4,"stat.trappedChestTriggered":12,"stat.playerKills":19,"stat.useItem.minecraft.lever":18,"stat.mineBlock.minecraft.vine":1,"stat.furnaceInteraction":28,"stat.craftItem.minecraft.crafting_table":1,"stat.useItem.minecraft.emerald_block":1,"stat.mineBlock.minecraft.coal_ore":2,"stat.killEntity.LavaSlime":22,"stat.killEntity.Creeper":14,"stat.talkedToVillager":11,"stat.craftItem.minecraft.diamond_boots":1,"stat.useItem.minecraft.redstone_block":1,"stat.useItem.minecraft.item_frame":1,"stat.useItem.minecraft.redstone":24,"stat.entityKilledBy.Skeleton":3,"stat.mineBlock.minecraft.wool":2,"stat.useItem.minecraft.written_book":30,"achievement.mineWood":6,"stat.useItem.minecraft.stained_hardened_clay":2,"stat.sprintOneCm":1815618,"stat.useItem.minecraft.stained_glass":18,"stat.useItem.minecraft.diamond_shovel":1,"stat.craftItem.minecraft.stick":12,"stat.killEntity.Skeleton":40,"stat.useItem.minecraft.record_mellohi":2,"achievement.openInventory":175,"stat.useItem.minecraft.iron_sword":16,"stat.craftItem.minecraft.planks":24,"stat.itemEnchanted":3,"stat.killEntity.Spider":20,"stat.useItem.minecraft.diamond_pickaxe":5,"stat.mobKills":242,"stat.mineBlock.minecraft.log":6,"stat.entityKilledBy.Creeper":3,"stat.useItem.minecraft.golden_apple":1,"stat.deaths":103,"stat.drop":26,"stat.useItem.minecraft.writable_book":5,"stat.playOneMinute":314236,"stat.craftItem.minecraft.diamond_block":17,"stat.craftItem.minecraft.diamond_pickaxe":1,"stat.killEntity.Zombie":52,"stat.craftItem.minecraft.dye":6,"stat.killEntity.Guardian":12,"stat.mineBlock.minecraft.stone":5,"stat.useItem.minecraft.record_blocks":5,"stat.diveOneCm":37669,"stat.useItem.minecraft.fishing_rod":6}