{"stat.chestOpened":4,"stat.walkOneCm":377619,"stat.trappedChestTriggered":1,"stat.leaveGame":2,"stat.jump":564,"stat.swimOneCm":2189,"stat.fallOneCm":528520,"stat.climbOneCm":2521,"stat.mineBlock.minecraft.wool":2,"stat.crouchOneCm":5631,"stat.useItem.minecraft.written_book":1,"stat.sprintOneCm":236915,"achievement.exploreAllBiomes":{"value":0,"progress":["Forest","Desert","Ice Plains Spikes"]},"stat.dropperInspected":1,"achievement.openInventory":9,"stat.damageTaken":33985,"stat.flyOneCm":193331,"stat.deaths":23,"stat.playOneMinute":35463,"stat.damageDealt":30,"stat.timeSinceDeath":1538,"stat.diveOneCm":602}