{"stat.chestOpened":10,"stat.walkOneCm":935245,"stat.trappedChestTriggered":1,"stat.leaveGame":2,"stat.jump":1214,"stat.swimOneCm":2189,"stat.fallOneCm":551537,"stat.climbOneCm":2521,"stat.useItem.minecraft.item_frame":1,"stat.mineBlock.minecraft.wool":2,"stat.crouchOneCm":6227,"stat.useItem.minecraft.written_book":2,"stat.sprintOneCm":574803,"achievement.exploreAllBiomes":{"value":0,"progress":["Forest","Desert","Ice Plains Spikes"]},"stat.dropperInspected":1,"achievement.openInventory":34,"stat.damageTaken":34955,"stat.flyOneCm":400873,"stat.deaths":25,"stat.drop":2,"stat.useItem.minecraft.writable_book":3,"stat.playOneMinute":85516,"stat.damageDealt":40,"stat.timeSinceDeath":36455,"stat.diveOneCm":941}