{"stat.chestOpened":4,"stat.dropperInspected":1,"stat.walkOneCm":155597,"stat.trappedChestTriggered":1,"achievement.openInventory":8,"stat.leaveGame":1,"stat.damageTaken":32770,"stat.flyOneCm":91787,"stat.deaths":21,"stat.jump":288,"stat.swimOneCm":1990,"stat.playOneMinute":22369,"stat.fallOneCm":417771,"stat.climbOneCm":861,"stat.damageDealt":30,"stat.mineBlock.minecraft.wool":2,"stat.crouchOneCm":3490,"stat.timeSinceDeath":6605,"stat.useItem.minecraft.written_book":1,"stat.sprintOneCm":73181,"achievement.exploreAllBiomes":{"value":0,"progress":["Forest","Desert","Ice Plains Spikes"]},"stat.diveOneCm":602}